{
    "account_age_days": {
        "q25": 617.25,
        "median": 1180.5,
        "q75": 2095.0,
        "q90": 2363.3,
        "q95": 2572.6499999999996,
        "iqr": 1477.750001
    },
    "activity_duration_days": {
        "q25": 154.0,
        "median": 407.0,
        "q75": 766.0,
        "q90": 1458.9,
        "q95": 2134.2499999999995,
        "iqr": 612.000001
    },
    "activity_rate": {
        "q25": 2.7390849311255994,
        "median": 7.0662854259770285,
        "q75": 18.88823518301038,
        "q90": 53.656665772388926,
        "q95": 97.79545158195602,
        "iqr": 16.14915125188478
    },
    "mean_inter_event_minutes": {
        "q25": 75.24764249050749,
        "median": 203.7995500138668,
        "q75": 525.8026278642817,
        "q90": 1973.3352819464974,
        "q95": 4834.484925267366,
        "iqr": 450.5549863737742
    },
    "std_inter_event_minutes": {
        "q25": 224.75482244455912,
        "median": 547.817427678589,
        "q75": 1862.0302960143695,
        "q90": 9161.256170106384,
        "q95": 22174.510146678054,
        "iqr": 1637.2754745698105
    },
    "inter_event_cv": {
        "q25": 2.250487896618831,
        "median": 2.9771852960820313,
        "q75": 4.473782548885239,
        "q90": 7.339195879860981,
        "q95": 9.818359867836131,
        "iqr": 2.2232956522664087
    },
    "burst_index": {
        "q25": 6.801463524392732,
        "median": 9.495061145405739,
        "q75": 13.197327889681096,
        "q90": 18.631854826829247,
        "q95": 22.932113005193347,
        "iqr": 6.395865365288365
    }
}