{
  "train_loss": [
    2.1855890499668615,
    1.7724268893835322,
    1.6660639602194725,
    1.5595923842303085,
    1.4708940757671833,
    1.3855960949751776,
    1.3193460143584144,
    1.2530416382946978,
    1.2150058357663467,
    1.19949233733399
  ],
  "train_acc": [
    42.81809145129225,
    57.45526838966203,
    62.53727634194831,
    67.06013916500994,
    70.34045725646124,
    73.4965208747515,
    76.32331013916502,
    78.62201789264414,
    80.1441351888668,
    81.03876739562624
  ],
  "val_loss": [
    1.9190434201851843,
    1.879733701796058,
    1.756639388264794,
    1.8203556641745393,
    1.8351197249305726,
    1.8084343398696283,
    1.8316394808470078,
    1.8692314421807066,
    1.836260685235578,
    1.8543573741594908
  ],
  "val_acc": [
    54.8284887725582,
    57.22551315608211,
    60.359553657528586,
    58.5480093676815,
    59.698305551728886,
    61.7440418790467,
    61.847361895577905,
    61.71648987463838,
    62.639482022317125,
    62.611930017908804
  ],
  "lr": [
    0.0003,
    0.0002926829491861254,
    0.0002714480406590546,
    0.0002383738952177247,
    0.0001966980406590546,
    0.00015049999999999997,
    0.00010430195934094535,
    6.262610478227527e-05,
    2.955195934094537e-05,
    8.317050813874547e-06
  ]
}